,physical_recovery,original_wake_up_time,movement_awakening,original_bed_time,sleep_cycle,efficiency,sleep_score,sleep_duration,start_time,update_time,create_time,time_offset,end_time
3,69,2023-12-19 09:43:00,18,2023-12-19 00:50:00,5,90,85,514,2023-12-19 00:50:00,2023-12-26 11:16:17.810,2023-12-19 09:43:28.071,UTC-0300,2023-12-19 09:24:00
4,63,2023-12-20 08:37:00,38,2023-12-20 00:51:00,4,82,82,443,2023-12-20 00:51:00,2023-12-26 11:16:17.856,2023-12-20 09:02:01.179,UTC-0300,2023-12-20 08:14:00
5,55,,34,,4,88,47,406,2023-12-21 00:54:00,2023-12-26 11:16:17.906,2023-12-21 07:40:26.713,UTC-0300,2023-12-21 07:40:00
6,65,2023-12-22 08:09:00,18,2023-12-22 00:03:00,5,90,81,481,2023-12-22 00:03:00,2023-12-26 11:16:17.958,2023-12-22 08:09:35.799,UTC-0300,2023-12-22 08:04:00
7,58,2023-12-23 10:32:00,19,2023-12-23 03:04:00,5,91,84,443,2023-12-23 03:04:00,2023-12-26 11:16:18.007,2023-12-23 10:33:00.366,UTC-0300,2023-12-23 10:27:00
0,59,,17,,4,88,53,371,2023-12-24 04:03:00,2023-12-26 11:16:18.057,2023-12-24 10:14:40.390,UTC-0300,2023-12-24 10:14:00
1,9,,20,,1,88,38,93,2023-12-24 10:25:00,2023-12-26 11:16:18.100,2023-12-24 11:58:55.540,UTC-0300,2023-12-24 11:58:00
2,42,,23,,3,88,55,315,2023-12-25 05:49:00,2023-12-26 11:16:18.163,2023-12-25 11:04:20.924,UTC-0300,2023-12-25 11:04:00
8,34,2023-12-25 12:45:00,6,2023-12-25 11:15:00,0,89,45,84,2023-12-25 11:15:00,2023-12-26 11:16:18.208,2023-12-25 13:11:59.211,UTC-0300,2023-12-25 12:39:00
9,75,2023-12-26 07:32:00,47,2023-12-25 22:46:00,4,76,82,522,2023-12-25 22:46:00,2023-12-26 11:16:18.240,2023-12-26 07:32:59.353,UTC-0300,2023-12-26 07:28:00
10,75,2023-12-27 08:19:00,38,2023-12-26 23:52:00,3,83,84,498,2023-12-26 23:52:00,2023-12-27 09:50:55.048,2023-12-27 08:19:08.315,UTC-0300,2023-12-27 08:10:00
11,40,2023-12-27 09:44:00,41,2023-12-27 08:35:00,0,77,40,58,2023-12-27 08:35:00,2023-12-27 10:10:08.556,2023-12-27 10:10:04.189,UTC-0300,2023-12-27 09:33:00
12,46,,21,,5,91,46,361,2023-12-29 02:11:00,2023-12-29 09:33:14.946,2023-12-29 08:12:50.067,UTC-0300,2023-12-29 08:12:00
13,63,,13,,3,91,61,353,2023-12-30 02:08:00,2023-12-30 08:01:42.163,2023-12-30 08:01:33.606,UTC-0300,2023-12-30 08:01:00
14,55,,35,,4,85,50,418,2023-12-31 01:49:00,2023-12-31 08:56:17.439,2023-12-31 08:47:01.476,UTC-0300,2023-12-31 08:47:00
15,42,2024-01-01 08:35:00,24,2024-01-01 02:04:00,4,89,68,386,2024-01-01 02:04:00,2024-01-01 08:44:20.106,2024-01-01 08:35:41.539,UTC-0300,2024-01-01 08:30:00
16,53,,31,,4,88,82,429,2024-01-02 01:01:00,2024-01-02 10:01:05.633,2024-01-02 08:10:09.348,UTC-0300,2024-01-02 08:10:00
17,61,2024-01-03 09:18:00,22,2024-01-03 01:55:00,3,87,82,420,2024-01-03 01:55:00,2024-01-03 10:27:41.676,2024-01-03 09:47:05.156,UTC-0300,2024-01-03 08:55:00
18,50,2024-01-04 08:11:00,10,2024-01-04 02:42:00,3,95,70,306,2024-01-04 02:42:00,2024-01-04 08:36:37.565,2024-01-04 08:35:26.647,UTC-0300,2024-01-04 07:48:00
19,30,2024-01-05 05:05:00,31,2024-01-05 01:53:00,2,87,50,179,2024-01-05 01:53:00,2024-01-05 09:19:01.512,2024-01-05 05:36:09.174,UTC-0300,2024-01-05 04:52:00
20,34,,15,,2,92,53,197,2024-01-05 06:01:00,2024-01-05 09:19:01.597,2024-01-05 09:18:11.088,UTC-0300,2024-01-05 09:18:00
21,59,2024-01-06 10:07:00,16,2024-01-06 03:00:00,3,92,85,410,2024-01-06 03:00:00,2024-01-06 10:07:41.593,2024-01-06 10:07:33.535,UTC-0300,2024-01-06 09:50:00
22,43,2024-01-07 07:36:00,17,2024-01-07 01:23:00,3,89,72,365,2024-01-07 01:23:00,2024-01-07 07:47:12.611,2024-01-07 07:40:27.634,UTC-0300,2024-01-07 07:28:00
23,58,2024-01-08 07:05:00,25,2024-01-07 23:26:00,5,88,82,451,2024-01-07 23:26:00,2024-01-08 07:05:43.137,2024-01-08 07:05:35.202,UTC-0300,2024-01-08 06:57:00
24,67,,21,,3,88,77,361,2024-01-09 01:29:00,2024-01-09 07:30:17.078,2024-01-09 07:30:06.272,UTC-0300,2024-01-09 07:30:00
25,68,,22,,5,90,83,487,2024-01-10 00:00:00,2024-01-10 08:19:05.181,2024-01-10 08:07:25.389,UTC-0300,2024-01-10 08:07:00
26,53,2024-01-11 07:52:00,23,2024-01-11 00:46:00,3,88,74,408,2024-01-11 00:46:00,2024-01-11 07:57:51.494,2024-01-11 07:52:39.683,UTC-0300,2024-01-11 07:34:00
27,70,,31,,6,87,78,497,2024-01-12 01:02:00,2024-01-12 09:25:42.484,2024-01-12 09:19:04.638,UTC-0300,2024-01-12 09:19:00
28,53,2024-01-13 10:24:00,21,2024-01-13 02:41:00,3,90,81,415,2024-01-13 02:41:00,2024-01-13 10:27:34.068,2024-01-13 10:24:09.862,UTC-0300,2024-01-13 09:36:00
30,11,,27,,1,87,47,99,2024-01-14 01:42:00,2024-01-14 09:58:11.968,2024-01-14 03:46:33.124,UTC-0300,2024-01-14 03:21:00
31,44,,30,,4,83,62,368,2024-01-14 03:43:00,2024-01-14 09:58:12.033,2024-01-14 09:51:40.936,UTC-0300,2024-01-14 09:51:00
32,47,,26,,3,85,66,326,2024-01-15 00:01:00,2024-01-15 05:27:12.438,2024-01-15 05:27:04.732,UTC-0300,2024-01-15 05:27:00
29,63,2024-01-16 07:42:00,28,2024-01-15 23:16:00,4,87,78,500,2024-01-15 23:16:00,2024-01-16 07:42:55.795,2024-01-16 07:42:47.211,UTC-0300,2024-01-16 07:36:00
33,68,2024-01-17 07:29:00,48,2024-01-17 00:25:00,2,74,82,415,2024-01-17 00:25:00,2024-01-17 07:30:04.920,2024-01-17 07:29:31.053,UTC-0300,2024-01-17 07:20:00
35,55,,21,,4,89,72,369,2024-01-17 23:21:00,2024-01-18 05:30:13.704,2024-01-18 05:30:01.777,UTC-0300,2024-01-18 05:30:00
34,67,,53,,5,84,77,521,2024-01-18 23:31:00,2024-01-19 08:16:29.882,2024-01-19 08:12:13.392,UTC-0300,2024-01-19 08:12:00
36,57,2024-01-20 11:11:00,29,2024-01-20 03:38:00,3,83,77,438,2024-01-20 03:38:00,2024-01-20 11:27:36.880,2024-01-20 11:27:24.175,UTC-0300,2024-01-20 10:56:00
37,79,2024-01-21 09:08:00,2,2024-01-21 01:37:00,4,98,97,441,2024-01-21 01:37:00,2024-01-21 09:14:59.930,2024-01-21 09:10:37.882,UTC-0300,2024-01-21 08:58:00
38,64,2024-01-22 07:41:00,21,2024-01-22 00:47:00,3,89,82,401,2024-01-22 00:47:00,2024-01-22 07:53:45.639,2024-01-22 07:52:44.841,UTC-0300,2024-01-22 07:28:00
39,61,2024-01-23 08:16:00,11,2024-01-23 01:05:00,4,92,86,407,2024-01-23 01:05:00,2024-01-23 08:17:25.083,2024-01-23 08:16:34.764,UTC-0300,2024-01-23 07:52:00
41,73,2024-01-24 09:31:00,37,2024-01-24 00:49:00,2,83,82,499,2024-01-24 00:49:00,2024-01-24 09:56:50.041,2024-01-24 09:56:32.200,UTC-0300,2024-01-24 09:08:00
42,79,2024-01-25 09:45:00,20,2024-01-25 00:49:00,4,89,85,508,2024-01-25 00:49:00,2024-01-25 10:08:29.192,2024-01-25 10:08:20.262,UTC-0300,2024-01-25 09:17:00
40,62,2024-01-26 08:25:00,30,2024-01-26 00:20:00,5,88,76,473,2024-01-26 00:20:00,2024-01-26 08:32:04.726,2024-01-26 08:25:36.806,UTC-0300,2024-01-26 08:13:00
43,77,2024-01-27 09:34:00,37,2024-01-27 01:51:00,4,82,82,438,2024-01-27 01:51:00,2024-01-27 09:52:02.479,2024-01-27 09:51:45.755,UTC-0300,2024-01-27 09:09:00
44,60,2024-01-28 13:49:00,19,2024-01-28 07:36:00,3,89,79,369,2024-01-28 07:36:00,2024-01-28 14:07:27.757,2024-01-28 13:49:43.074,UTC-0300,2024-01-28 13:45:00
45,57,2024-01-29 06:25:00,28,2024-01-29 00:29:00,3,89,70,346,2024-01-29 00:29:00,2024-01-29 06:30:41.287,2024-01-29 06:25:55.741,UTC-0300,2024-01-29 06:15:00
46,63,,18,,4,89,82,426,2024-01-30 00:08:00,2024-01-30 07:15:04.993,2024-01-30 07:14:42.437,UTC-0300,2024-01-30 07:14:00
47,48,2024-01-31 06:47:00,9,2024-01-31 03:00:00,2,94,64,210,2024-01-31 03:00:00,2024-01-31 07:12:17.137,2024-01-31 07:12:11.124,UTC-0300,2024-01-31 06:30:00
48,64,,19,,4,91,85,504,2024-01-31 22:11:00,2024-02-01 06:35:43.957,2024-02-01 06:35:32.194,UTC-0300,2024-02-01 06:35:00
49,93,,2,,4,98,83,619,2024-02-02 00:47:00,2024-02-02 11:19:58.533,2024-02-02 11:06:20.375,UTC-0300,2024-02-02 11:06:00
50,80,2024-02-03 08:45:00,21,2024-02-03 00:32:00,5,88,85,466,2024-02-03 00:32:00,2024-02-03 10:17:31.791,2024-02-03 09:13:15.780,UTC-0300,2024-02-03 08:18:00
51,55,2024-02-04 09:17:00,42,2024-02-04 02:55:00,3,85,72,357,2024-02-04 02:55:00,2024-02-04 09:42:52.888,2024-02-04 09:42:34.738,UTC-0300,2024-02-04 08:52:00
52,60,2024-02-05 08:16:00,13,2024-02-05 01:28:00,4,93,85,398,2024-02-05 01:28:00,2024-02-05 08:20:19.559,2024-02-05 08:16:45.979,UTC-0300,2024-02-05 08:06:00
53,64,2024-02-06 07:54:00,22,2024-02-06 01:49:00,3,88,74,351,2024-02-06 01:49:00,2024-02-06 08:01:58.265,2024-02-06 08:01:46.255,UTC-0300,2024-02-06 07:40:00
54,58,2024-02-07 05:38:00,30,2024-02-06 22:54:00,2,86,67,352,2024-02-06 22:54:00,2024-02-07 06:09:00.077,2024-02-07 06:08:51.194,UTC-0300,2024-02-07 04:46:00
55,85,2024-02-08 08:14:00,21,2024-02-07 23:30:00,5,89,86,493,2024-02-07 23:30:00,2024-02-08 08:38:05.481,2024-02-08 08:37:34.345,UTC-0300,2024-02-08 07:43:00
56,65,2024-02-09 06:48:00,10,2024-02-09 00:17:00,5,93,79,365,2024-02-09 00:17:00,2024-02-09 07:10:20.194,2024-02-09 07:10:10.301,UTC-0300,2024-02-09 06:22:00
57,49,2024-02-10 08:08:00,44,2024-02-10 01:16:00,5,86,66,394,2024-02-10 01:16:00,2024-02-10 08:49:30.141,2024-02-10 08:38:53.206,UTC-0300,2024-02-10 07:50:00
58,67,2024-02-11 11:25:00,17,2024-02-11 05:35:00,3,91,77,333,2024-02-11 05:35:00,2024-02-11 11:51:53.341,2024-02-11 11:51:43.297,UTC-0300,2024-02-11 11:08:00
59,58,2024-02-12 10:17:00,16,2024-02-12 04:14:00,4,93,72,346,2024-02-12 04:14:00,2024-02-12 10:48:07.006,2024-02-12 10:47:00.158,UTC-0300,2024-02-12 10:00:00
60,73,2024-02-13 09:43:00,20,2024-02-13 01:29:00,6,89,85,478,2024-02-13 01:29:00,2024-02-13 10:01:32.904,2024-02-13 10:01:20.077,UTC-0300,2024-02-13 09:27:00
61,55,2024-02-14 06:29:00,30,2024-02-14 00:02:00,3,84,73,380,2024-02-14 00:02:00,2024-02-14 06:56:40.011,2024-02-14 06:55:12.150,UTC-0300,2024-02-14 06:22:00
62,82,2024-02-15 09:21:00,15,2024-02-15 00:05:00,6,90,85,520,2024-02-15 00:05:00,2024-02-15 09:51:50.984,2024-02-15 09:51:40.148,UTC-0300,2024-02-15 08:45:00
63,77,2024-02-16 09:40:00,26,2024-02-16 01:38:00,5,87,82,461,2024-02-16 01:38:00,2024-02-16 10:06:33.847,2024-02-16 10:06:25.181,UTC-0300,2024-02-16 09:19:00
64,65,2024-02-17 09:20:00,16,2024-02-17 02:54:00,4,91,77,361,2024-02-17 02:54:00,2024-02-17 09:29:14.004,2024-02-17 09:29:04.510,UTC-0300,2024-02-17 08:55:00
65,72,2024-02-18 10:16:00,4,2024-02-18 03:31:00,5,95,87,379,2024-02-18 03:31:00,2024-02-18 10:45:29.625,2024-02-18 10:45:22.208,UTC-0300,2024-02-18 09:50:00
66,70,2024-02-19 10:28:00,13,2024-02-19 03:29:00,3,94,86,379,2024-02-19 03:29:00,2024-02-19 10:39:40.137,2024-02-19 10:39:26.848,UTC-0300,2024-02-19 09:48:00
68,80,2024-02-21 08:51:00,19,2024-02-21 00:15:00,4,90,89,508,2024-02-21 00:15:00,2024-02-21 08:55:54.414,2024-02-21 08:51:33.033,UTC-0300,2024-02-21 08:43:00
71,65,2024-02-22 06:57:00,20,2024-02-22 00:39:00,5,89,71,350,2024-02-22 00:39:00,2024-02-22 07:08:55.906,2024-02-22 07:08:40.237,UTC-0300,2024-02-22 06:29:00
73,75,2024-02-23 08:58:00,11,2024-02-23 00:16:00,4,93,91,500,2024-02-23 00:16:00,2024-02-23 09:27:49.610,2024-02-23 09:24:35.284,UTC-0300,2024-02-23 08:36:00
75,60,2024-02-24 10:03:00,20,2024-02-24 02:42:00,2,90,82,415,2024-02-24 02:42:00,2024-02-24 10:15:52.620,2024-02-24 10:14:49.074,UTC-0300,2024-02-24 09:37:00
76,66,2024-02-25 10:24:00,24,2024-02-25 03:43:00,5,89,75,376,2024-02-25 03:43:00,2024-02-25 10:51:27.261,2024-02-25 10:51:07.224,UTC-0300,2024-02-25 09:59:00
78,82,2024-02-26 10:48:00,18,2024-02-26 02:34:00,4,91,92,484,2024-02-26 02:34:00,2024-02-26 10:50:22.068,2024-02-26 10:50:09.938,UTC-0300,2024-02-26 10:38:00
67,53,2024-02-27 06:45:00,38,2024-02-26 23:18:00,3,83,81,434,2024-02-26 23:18:00,2024-02-27 06:46:28.408,2024-02-27 06:45:39.874,UTC-0300,2024-02-27 06:32:00
69,62,2024-02-28 07:55:00,24,2024-02-28 00:21:00,4,87,81,446,2024-02-28 00:21:00,2024-02-28 07:55:32.887,2024-02-28 07:55:21.111,UTC-0300,2024-02-28 07:47:00
70,71,2024-02-29 09:39:00,25,2024-02-29 01:39:00,4,89,82,470,2024-02-29 01:39:00,2024-02-29 09:43:28.939,2024-02-29 09:39:28.001,UTC-0300,2024-02-29 09:29:00
72,34,,8,,1,93,60,149,2024-03-01 02:57:00,2024-03-01 12:20:22.630,2024-03-01 05:52:38.169,UTC-0300,2024-03-01 05:26:00
74,18,2024-03-01 05:23:00,7,2024-03-01 03:33:00,1,94,58,99,2024-03-01 03:33:00,2024-03-01 12:20:22.688,2024-03-01 12:11:43.217,UTC-0300,2024-03-01 09:12:00
84,66,2024-03-03 08:06:00,25,2024-03-03 02:20:00,4,88,71,335,2024-03-03 02:20:00,2024-03-03 08:16:17.150,2024-03-03 08:15:17.525,UTC+0100,2024-03-03 07:55:00
79,81,2024-03-04 07:01:00,20,2024-03-03 23:27:00,4,87,88,437,2024-03-03 23:27:00,2024-03-04 07:26:25.569,2024-03-04 07:26:16.119,UTC+0100,2024-03-04 06:44:00
82,48,,21,,3,90,74,382,2024-03-05 01:42:00,2024-03-05 09:09:58.068,2024-03-05 08:04:35.859,UTC+0100,2024-03-05 08:04:00
83,60,2024-03-06 08:09:00,28,2024-03-05 23:26:00,4,89,78,516,2024-03-05 23:26:00,2024-03-06 08:30:16.962,2024-03-06 08:09:44.225,UTC+0100,2024-03-06 08:02:00
81,69,2024-03-07 07:11:00,26,2024-03-06 23:08:00,4,89,84,471,2024-03-06 23:08:00,2024-03-07 07:18:42.979,2024-03-07 07:11:53.201,UTC+0100,2024-03-07 06:59:00
77,21,2024-03-07 22:21:00,35,2024-03-07 19:34:00,1,82,46,144,2024-03-07 19:34:00,2024-03-07 22:36:51.365,2024-03-07 22:36:45.183,UTC+0100,2024-03-07 21:58:00
80,52,2024-03-08 07:28:00,46,2024-03-07 23:47:00,5,80,77,449,2024-03-07 23:47:00,2024-03-08 07:55:05.749,2024-03-08 07:54:48.165,UTC+0100,2024-03-08 07:16:00
85,90,2024-03-09 06:24:00,8,2024-03-08 21:43:00,5,94,91,486,2024-03-08 21:43:00,2024-03-09 06:57:59.391,2024-03-09 06:54:00.217,UTC+0100,2024-03-09 05:49:00
86,79,2024-03-10 07:18:00,26,2024-03-09 23:44:00,4,84,87,421,2024-03-09 23:44:00,2024-03-10 07:44:51.733,2024-03-10 07:44:43.188,UTC+0100,2024-03-10 06:45:00
87,87,2024-03-11 07:05:00,26,2024-03-10 22:13:00,5,86,85,505,2024-03-10 22:13:00,2024-03-11 07:34:01.665,2024-03-11 07:33:09.158,UTC+0100,2024-03-11 06:38:00
88,72,2024-03-13 05:45:00,10,2024-03-12 22:18:00,5,93,88,415,2024-03-12 22:18:00,2024-03-14 17:00:06.558,2024-03-13 06:15:22.172,UTC-0300,2024-03-13 05:13:00
89,60,2024-03-14 07:30:00,25,2024-03-14 01:27:00,3,91,70,325,2024-03-14 01:27:00,2024-03-14 17:00:06.583,2024-03-14 07:58:19.173,UTC-0300,2024-03-14 06:52:00
90,66,2024-03-15 07:25:00,11,2024-03-14 23:37:00,5,90,89,449,2024-03-14 23:37:00,2024-03-15 07:53:12.754,2024-03-15 07:50:50.182,UTC-0300,2024-03-15 07:06:00
91,58,2024-03-16 06:48:00,9,2024-03-16 00:15:00,4,93,83,366,2024-03-16 00:15:00,2024-03-16 07:00:30.442,2024-03-16 07:00:05.278,UTC-0300,2024-03-16 06:21:00
92,62,2024-03-17 09:00:00,13,2024-03-17 02:36:00,4,92,78,365,2024-03-17 02:36:00,2024-03-17 09:26:05.477,2024-03-17 09:25:58.396,UTC-0300,2024-03-17 08:41:00
93,64,2024-03-18 08:03:00,15,2024-03-18 01:25:00,5,92,78,383,2024-03-18 01:25:00,2024-03-18 08:30:25.830,2024-03-18 08:29:10.558,UTC-0300,2024-03-18 07:48:00
94,57,2024-03-19 06:47:00,26,2024-03-19 00:27:00,3,90,73,366,2024-03-19 00:27:00,2024-03-19 06:48:04.965,2024-03-19 06:47:58.257,UTC-0300,2024-03-19 06:33:00
95,68,2024-03-20 09:38:00,25,2024-03-20 00:18:00,4,87,77,552,2024-03-20 00:18:00,2024-03-20 09:39:08.881,2024-03-20 09:38:56.954,UTC-0300,2024-03-20 09:30:00
96,52,2024-03-21 07:06:00,21,2024-03-20 23:56:00,3,89,78,410,2024-03-20 23:56:00,2024-03-21 07:18:54.371,2024-03-21 07:18:39.729,UTC-0300,2024-03-21 06:46:00
97,81,2024-03-22 07:59:00,10,2024-03-22 00:47:00,5,92,88,411,2024-03-22 00:47:00,2024-03-22 08:26:42.251,2024-03-22 08:25:45.161,UTC-0300,2024-03-22 07:38:00
98,57,2024-03-23 07:09:00,19,2024-03-23 00:03:00,3,91,84,404,2024-03-23 00:03:00,2024-03-23 07:23:30.218,2024-03-23 07:23:19.148,UTC-0300,2024-03-23 06:47:00
99,61,2024-03-24 10:29:00,9,2024-03-24 04:55:00,3,95,77,301,2024-03-24 04:55:00,2024-03-24 10:51:33.719,2024-03-24 10:51:26.188,UTC-0300,2024-03-24 09:56:00
100,88,2024-03-25 08:49:00,32,2024-03-25 00:13:00,3,88,88,495,2024-03-25 00:13:00,2024-03-25 09:15:21.291,2024-03-25 09:14:43.185,UTC-0300,2024-03-25 08:28:00
101,53,2024-03-26 07:08:00,20,2024-03-26 00:58:00,4,91,66,350,2024-03-26 00:58:00,2024-03-26 07:17:42.488,2024-03-26 07:17:35.205,UTC-0300,2024-03-26 06:48:00
102,83,2024-03-27 09:33:00,30,2024-03-26 23:42:00,3,86,81,557,2024-03-26 23:42:00,2024-03-27 09:57:45.107,2024-03-27 09:57:35.179,UTC-0300,2024-03-27 08:59:00
103,62,2024-03-28 09:26:00,20,2024-03-28 01:56:00,3,90,81,426,2024-03-28 01:56:00,2024-03-28 09:54:31.422,2024-03-28 09:54:21.217,UTC-0300,2024-03-28 09:02:00
104,71,2024-03-29 07:54:00,15,2024-03-29 00:59:00,4,89,80,367,2024-03-29 00:59:00,2024-03-29 08:24:58.800,2024-03-29 08:24:40.114,UTC-0300,2024-03-29 07:06:00
105,55,2024-03-30 09:14:00,14,2024-03-30 01:34:00,5,89,79,442,2024-03-30 01:34:00,2024-03-30 09:40:17.945,2024-03-30 09:38:56.285,UTC-0300,2024-03-30 08:56:00
106,62,2024-03-31 08:54:00,34,2024-03-31 01:36:00,3,85,75,408,2024-03-31 01:36:00,2024-03-31 09:21:24.558,2024-03-31 09:20:37.138,UTC-0300,2024-03-31 08:24:00
107,52,2024-04-01 10:00:00,24,2024-04-01 03:10:00,4,89,79,393,2024-04-01 03:10:00,2024-04-01 10:26:58.003,2024-04-01 10:26:46.202,UTC-0300,2024-04-01 09:43:00
108,66,2024-04-02 09:41:00,11,2024-04-02 02:22:00,5,93,89,413,2024-04-02 02:22:00,2024-04-02 10:12:45.146,2024-04-02 10:11:22.116,UTC-0300,2024-04-02 09:15:00
109,71,2024-04-03 08:57:00,19,2024-04-03 01:00:00,5,88,84,453,2024-04-03 01:00:00,2024-04-03 09:22:50.047,2024-04-03 09:22:42.527,UTC-0300,2024-04-03 08:33:00
110,60,2024-04-04 09:10:00,17,2024-04-04 01:32:00,4,90,86,433,2024-04-04 01:32:00,2024-04-04 09:38:12.970,2024-04-04 09:37:35.274,UTC-0300,2024-04-04 08:45:00
111,64,2024-04-05 08:09:00,21,2024-04-05 00:30:00,3,90,84,430,2024-04-05 00:30:00,2024-04-05 08:22:03.026,2024-04-05 08:21:47.737,UTC-0300,2024-04-05 07:40:00
112,41,2024-04-06 07:37:00,21,2024-04-06 01:40:00,1,91,66,342,2024-04-06 01:40:00,2024-04-06 07:43:22.382,2024-04-06 07:43:14.411,UTC-0300,2024-04-06 07:22:00
113,67,2024-04-07 07:24:00,10,2024-04-07 01:25:00,4,94,75,342,2024-04-07 01:25:00,2024-04-07 07:51:43.370,2024-04-07 07:50:58.324,UTC-0300,2024-04-07 07:07:00
114,80,2024-04-08 08:49:00,24,2024-04-08 00:07:00,6,87,85,502,2024-04-08 00:07:00,2024-04-08 09:14:27.049,2024-04-08 09:14:10.140,UTC-0300,2024-04-08 08:29:00
115,67,2024-04-09 07:45:00,14,2024-04-09 01:01:00,4,92,79,364,2024-04-09 01:01:00,2024-04-09 07:53:08.031,2024-04-09 07:52:51.927,UTC-0300,2024-04-09 07:05:00
116,57,2024-04-10 06:30:00,41,2024-04-10 00:13:00,6,84,70,360,2024-04-10 00:13:00,2024-04-10 07:00:59.060,2024-04-10 07:00:52.228,UTC-0300,2024-04-10 06:13:00
117,80,2024-04-11 08:03:00,15,2024-04-11 00:53:00,4,92,89,420,2024-04-11 00:53:00,2024-04-11 08:34:05.915,2024-04-11 08:33:38.162,UTC-0300,2024-04-11 07:53:00
118,75,2024-04-12 08:44:00,31,2024-04-11 23:57:00,4,85,83,501,2024-04-11 23:57:00,2024-04-12 08:51:17.408,2024-04-12 08:51:04.362,UTC-0300,2024-04-12 08:18:00
119,61,2024-04-13 07:44:00,20,2024-04-13 02:01:00,3,91,73,331,2024-04-13 02:01:00,2024-04-13 07:45:57.858,2024-04-13 07:45:45.390,UTC-0300,2024-04-13 07:32:00
120,57,2024-04-14 08:01:00,10,2024-04-14 02:09:00,4,94,71,327,2024-04-14 02:09:00,2024-04-14 08:30:16.315,2024-04-14 08:27:58.855,UTC-0300,2024-04-14 07:36:00
121,67,2024-04-15 08:28:00,12,2024-04-15 00:39:00,3,93,87,445,2024-04-15 00:39:00,2024-04-15 08:55:04.992,2024-04-15 08:54:54.131,UTC-0300,2024-04-15 08:04:00
122,50,2024-04-16 07:34:00,16,2024-04-16 01:17:00,4,92,70,350,2024-04-16 01:17:00,2024-04-16 07:52:53.573,2024-04-16 07:52:42.220,UTC-0300,2024-04-16 07:07:00
123,64,2024-04-17 09:30:00,6,2024-04-17 01:27:00,5,95,91,436,2024-04-17 01:27:00,2024-04-17 09:30:57.607,2024-04-17 09:30:47.770,UTC-0300,2024-04-17 08:43:00
124,80,2024-04-18 08:17:00,14,2024-04-18 00:58:00,4,91,88,409,2024-04-18 00:58:00,2024-04-18 08:47:24.375,2024-04-18 08:47:17.192,UTC-0300,2024-04-18 07:47:00
125,55,2024-04-19 07:32:00,8,2024-04-19 01:14:00,3,95,80,344,2024-04-19 01:14:00,2024-04-19 07:58:19.973,2024-04-19 07:58:10.064,UTC-0300,2024-04-19 06:58:00
126,64,2024-04-20 07:08:00,13,2024-04-20 00:21:00,4,91,84,381,2024-04-20 00:21:00,2024-04-20 07:17:41.275,2024-04-20 07:17:26.204,UTC-0300,2024-04-20 06:42:00
127,74,2024-04-21 07:42:00,12,2024-04-21 02:13:00,2,92,70,301,2024-04-21 02:13:00,2024-04-21 08:07:57.141,2024-04-21 08:07:51.119,UTC-0300,2024-04-21 07:14:00
128,71,2024-04-22 06:58:00,18,2024-04-21 23:02:00,4,92,85,453,2024-04-21 23:02:00,2024-04-22 07:24:08.403,2024-04-22 07:22:15.136,UTC-0300,2024-04-22 06:35:00
129,58,2024-04-23 06:55:00,14,2024-04-22 23:33:00,2,92,85,417,2024-04-22 23:33:00,2024-04-23 07:13:20.544,2024-04-23 07:13:06.288,UTC-0300,2024-04-23 06:30:00
130,66,2024-04-24 05:22:00,15,2024-04-23 23:46:00,2,93,68,302,2024-04-23 23:46:00,2024-04-24 07:56:01.364,2024-04-24 05:49:07.106,UTC-0300,2024-04-24 04:48:00
131,39,2024-04-24 07:55:00,23,2024-04-24 06:02:00,0,85,40,95,2024-04-24 06:02:00,2024-04-24 07:56:01.399,2024-04-24 07:55:56.126,UTC-0300,2024-04-24 07:37:00
132,50,2024-04-25 07:56:00,38,2024-04-25 01:40:00,2,81,68,349,2024-04-25 01:40:00,2024-04-25 08:26:48.084,2024-04-25 08:26:41.189,UTC-0300,2024-04-25 07:29:00
133,66,2024-04-27 08:01:00,11,2024-04-27 01:08:00,5,93,84,405,2024-04-27 01:08:00,2024-04-27 08:10:18.020,2024-04-27 08:09:57.122,UTC-0300,2024-04-27 07:53:00
134,72,2024-04-28 09:43:00,15,2024-04-28 01:44:00,3,91,88,466,2024-04-28 01:44:00,2024-04-28 09:50:16.611,2024-04-28 09:50:06.394,UTC-0300,2024-04-28 09:30:00
135,75,2024-04-29 08:15:00,12,2024-04-29 00:15:00,4,91,90,448,2024-04-29 00:15:00,2024-04-29 08:39:52.023,2024-04-29 08:39:40.293,UTC-0300,2024-04-29 07:43:00
136,63,2024-04-30 07:44:00,30,2024-04-30 00:45:00,3,85,80,412,2024-04-30 00:45:00,2024-04-30 07:44:32.066,2024-04-30 07:44:18.369,UTC-0300,2024-04-30 07:37:00
137,62,2024-05-01 09:18:00,15,2024-05-01 01:51:00,5,90,84,426,2024-05-01 01:51:00,2024-05-01 09:35:30.011,2024-05-01 09:35:15.182,UTC-0300,2024-05-01 08:57:00
138,76,2024-05-02 09:01:00,37,2024-05-01 23:46:00,4,88,82,528,2024-05-01 23:46:00,2024-05-02 09:23:09.229,2024-05-02 09:23:00.160,UTC-0300,2024-05-02 08:34:00
139,55,2024-05-03 07:17:00,23,2024-05-03 00:24:00,5,88,75,386,2024-05-03 00:24:00,2024-05-03 07:24:59.968,2024-05-03 07:24:46.286,UTC-0300,2024-05-03 06:50:00
140,43,2024-05-04 06:47:00,31,2024-05-04 01:35:00,2,85,57,308,2024-05-04 01:35:00,2024-05-04 06:47:21.728,2024-05-04 06:47:10.679,UTC-0300,2024-05-04 06:43:00
141,75,2024-05-05 08:42:00,34,2024-05-05 00:13:00,5,87,80,482,2024-05-05 00:13:00,2024-05-05 09:00:35.166,2024-05-05 09:00:08.187,UTC-0300,2024-05-05 08:15:00
142,65,2024-05-06 08:07:00,18,2024-05-06 00:29:00,3,91,82,437,2024-05-06 00:29:00,2024-05-06 08:15:38.706,2024-05-06 08:15:26.330,UTC-0300,2024-05-06 07:46:00
143,53,2024-05-07 07:05:00,20,2024-05-07 00:27:00,2,90,74,381,2024-05-07 00:27:00,2024-05-07 07:09:57.415,2024-05-07 07:09:44.218,UTC-0300,2024-05-07 06:48:00
